Country	Year	Population	Change	Migrate	Urban_resident
bermuda	2019	62.506	-250	1.250	60.833
bermuda	2018	62.756	-293	1.255	61.070
bermuda	2017	63.049	-313	1.261	61.349
bermuda	2016	63.362	-330	1.267	61.666
bermuda	2015	63.692	-339	1.274	62.003
bermuda	2010	65.389	-174	1.308	63.956
bermuda	2005	66.257	249	1.325	65.130
bermuda	2000	65.012	314	1.300	64.028
bermuda	1995	63.442	362	1.269	62.696
bermuda	1990	61.634	406	1.233	60.930
bermuda	1985	59.602	406	1.192	58.920
bermuda	1980	57.573	435	1.151	56.992
bermuda	1975	55.400	567	1.108	54.990
bermuda	1970	52.565	635	1.051	52.286
bermuda	1965	49.388	882	988	40.755
bermuda	1960	44.979	854	900	44.946
bermuda	1955	40.708	690	814	N.A.
bermuda	2020	62.278	-283	1.246	60.639
canada	2020	37.742.154	331.107	242.032	30.670.064
canada	2019	37.411.047	336.485	242.032	30.376.281
canada	2018	37.074.562	342.467	242.032	30.084.496
canada	2017	36.732.095	349.151	242.032	29.793.946
canada	2016	36.382.944	356.268	242.032	29.503.542
canada	2015	36.026.676	375.822	248.283	29.212.401
canada	2010	34.147.564	396.651	265.286	27.655.231
canada	2005	32.164.309	315.185	210.403	25.869.853
canada	2000	30.588.383	284.846	156.707	24.428.073
canada	1995	29.164.152	324.567	138.111	22.782.132
canada	1990	27.541.319	359.302	171.843	21.207.473
canada	1985	25.744.810	265.585	74.788	19.755.707
canada	1980	24.416.886	271.524	84.127	18.565.807
canada	1975	23.059.265	336.988	151.621	17.508.653
canada	1970	21.374.326	349.269	122.223	16.229.750
canada	1965	19.627.980	356.115	35.738	14.362.464
canada	1960	17.847.405	434.728	112.960	12.373.883
canada	1955	15.673.763	388.072	111.156	10.340.832
greenland	2019	56.672	108	0	49.335
greenland	2018	56.564	83	0	49.107
greenland	2017	56.481	69	0	48.897
greenland	2016	56.412	35	0	48.698
greenland	2015	56.377	-52	0	48.524
greenland	2010	56.638	-63	0	47.793
greenland	2005	56.951	155	0	47.188
greenland	2000	56.175	73	0	45.839
greenland	1995	55.811	41	0	45.152
greenland	1990	55.604	483	0	44.315
greenland	1985	53.190	602	0	41.468
greenland	1980	50.179	119	0	38.197
greenland	1975	49.586	702	0	36.887
greenland	1970	46.074	1.622	0	33.516
greenland	1965	37.964	1.345	0	13.905
greenland	1960	31.239	1.079	0	18.285
greenland	1955	25.846	570	0	13.905
greenland	2020	56.770	79	0	49.552
hoa-ky	2020	331.002.651	1.937.734	954.806	273.975.139
hoa-ky	2019	329.064.917	1.968.652	954.806	271.365.914
hoa-ky	2018	327.096.265	2.011.509	954.806	268.786.714
hoa-ky	2017	325.084.756	2.068.761	954.806	266.243.516
hoa-ky	2016	323.015.995	2.137.685	954.806	263.743.312
hoa-ky	2015	320.878.310	2.373.367	992.343	261.287.811
hoa-ky	2010	309.011.475	2.803.593	1.085.751	249.297.076
hoa-ky	2005	294.993.511	2.656.520	1.066.979	235.892.407
hoa-ky	2000	281.710.909	3.309.433	1.771.991	222.927.913
hoa-ky	1995	265.163.745	2.608.687	892.751	205.240.402
hoa-ky	1990	252.120.309	2.324.097	673.371	190.156.233
hoa-ky	1985	240.499.825	2.204.694	676.492	179.400.645
hoa-ky	1980	229.476.354	2.079.021	754.176	169.422.683
hoa-ky	1975	219.081.251	1.913.582	577.869	161.450.209
hoa-ky	1970	209.513.341	1.955.933	311.211	154.262.109
hoa-ky	1965	199.733.676	2.602.621	367.146	143.624.659
hoa-ky	1960	186.720.571	3.007.047	424.979	130.757.407
hoa-ky	1955	171.685.336	2.576.188	173.553	115.375.863
saint-pierre-va-miquelon	2019	5.822	-27	25	5.754
saint-pierre-va-miquelon	2018	5.849	-38	25	5.723
saint-pierre-va-miquelon	2017	5.887	-47	26	5.682
saint-pierre-va-miquelon	2016	5.934	-59	26	5.668
saint-pierre-va-miquelon	2015	5.993	-72	26	5.682
saint-pierre-va-miquelon	2010	6.353	46	28	5.640
saint-pierre-va-miquelon	2005	6.123	-34	27	5.627
saint-pierre-va-miquelon	2000	6.294	-20	27	5.597
saint-pierre-va-miquelon	1995	6.392	0	28	5.606
saint-pierre-va-miquelon	1990	6.393	74	28	5.581
saint-pierre-va-miquelon	1985	6.024	-21	26	5.483
saint-pierre-va-miquelon	1980	6.131	25	27	5.369
saint-pierre-va-miquelon	1975	6.006	91	26	5.232
saint-pierre-va-miquelon	1970	5.552	76	24	4.824
saint-pierre-va-miquelon	1965	5.173	40	22	3.942
saint-pierre-va-miquelon	1960	4.971	43	22	4.251
saint-pierre-va-miquelon	1955	4.755	37	21	3.942
saint-pierre-va-miquelon	2020	5.794	-40	25	5.784
a-rap-xe-ut	2020	34.813.871	545.343	134.979	29.255.576
a-rap-xe-ut	2019	34.268.528	565.772	134.979	28.700.362
a-rap-xe-ut	2018	33.702.756	601.577	134.979	28.133.138
a-rap-xe-ut	2017	33.101.179	657.732	134.979	27.543.623
a-rap-xe-ut	2016	32.443.447	725.780	134.979	26.918.214
a-rap-xe-ut	2015	31.717.667	859.241	344.561	26.249.243
a-rap-xe-ut	2010	27.421.461	721.056	214.619	22.512.101
a-rap-xe-ut	2005	23.816.183	630.468	149.599	19.358.664
a-rap-xe-ut	2000	20.663.843	405.011	-70.000	16.579.826
a-rap-xe-ut	1995	18.638.787	481.000	-22.000	14.739.559
a-rap-xe-ut	1990	16.233.785	622.958	143.365	12.503.513
a-rap-xe-ut	1985	13.118.993	685.503	276.706	9.581.553
a-rap-xe-ut	1980	9.691.476	454.397	157.744	6.415.124
a-rap-xe-ut	1975	7.419.493	316.621	96.664	4.334.558
a-rap-xe-ut	1970	5.836.389	198.551	37.401	2.840.506
a-rap-xe-ut	1965	4.843.635	151.419	25.198	1.877.805
a-rap-xe-ut	1960	4.086.539	105.677	5.194	1.277.054
a-rap-xe-ut	1955	3.558.155	87.364	5.258	923.917
afghanistan	2020	38.928.346	886.592	-62.920	9.904.337
afghanistan	2019	38.041.754	869.833	-62.920	9.582.625
afghanistan	2018	37.171.921	875.808	-62.920	9.273.302
afghanistan	2017	36.296.113	913.081	-62.920	8.971.472
afghanistan	2016	35.383.032	969.429	-62.920	8.670.939
afghanistan	2015	34.413.603	1.045.619	104.354	8.367.571
afghanistan	2010	29.185.507	706.246	-209.272	6.836.980
afghanistan	2005	25.654.277	974.865	148.839	5.691.836
afghanistan	2000	20.779.953	533.859	-173.508	4.436.282
afghanistan	1995	18.110.657	1.139.670	615.277	3.697.570
afghanistan	1990	12.412.308	94.820	-305.070	2.593.947
afghanistan	1985	11.938.208	-283.661	-669.019	2.238.468
afghanistan	1980	13.356.511	133.470	-230.792	2.119.078
afghanistan	1975	12.689.160	303.104	-4.000	1.717.422
afghanistan	1970	11.173.642	243.464	-4.000	1.295.433
afghanistan	1965	9.956.320	191.869	-4.000	984.350
afghanistan	1960	8.996.973	145.196	-4.000	755.797
afghanistan	1955	8.270.991	103.775	-4.000	587.818
an-do	2020	1.380.004.385	13.586.631	-532.687	483.098.640
an-do	2019	1.366.417.754	13.775.474	-532.687	471.828.295
an-do	2018	1.352.642.280	13.965.495	-532.687	460.779.764
an-do	2017	1.338.676.785	14.159.536	-532.687	449.963.381
an-do	2016	1.324.517.249	14.364.846	-532.687	439.391.699
an-do	2015	1.310.152.403	15.174.247	-470.015	429.069.459
an-do	2010	1.234.281.170	17.334.249	-531.169	380.744.554
an-do	2005	1.147.609.927	18.206.876	-377.797	334.479.406
an-do	2000	1.056.575.549	18.530.592	-136.514	291.350.282
an-do	1995	963.922.588	18.128.958	-110.590	255.558.824
an-do	1990	873.277.798	17.783.558	9.030	222.296.728
an-do	1985	784.360.008	17.081.433	115.942	190.321.782
an-do	1980	698.952.844	15.169.989	222.247	160.941.941
an-do	1975	623.102.897	13.582.621	421.208	132.533.810
an-do	1970	555.189.792	11.213.294	-68.569	109.388.950
an-do	1965	499.123.324	9.715.129	-17.078	93.493.844
an-do	1960	450.547.679	8.133.417	-30.805	80.565.723
an-do	1955	409.880.595	6.711.079	-21.140	71.958.495
armenia	2020	2.963.243	5.512	-4.998	1.860.554
armenia	2019	2.957.731	5.986	-4.998	1.856.542
armenia	2018	2.951.745	6.954	-4.998	1.852.877
armenia	2017	2.944.791	8.648	-4.998	1.849.202
armenia	2016	2.936.143	10.590	-4.998	1.845.024
armenia	2015	2.925.553	9.647	-6.107	1.840.151
armenia	2010	2.877.319	-20.790	-36.672	1.825.365
armenia	2005	2.981.269	-17.664	-32.104	1.906.167
armenia	2000	3.069.591	-29.551	-44.775	1.984.990
armenia	1995	3.217.348	-64.165	-99.258	2.125.290
armenia	1990	3.538.171	40.446	-13.506	2.385.458
armenia	1985	3.335.940	47.237	-10.246	2.238.065
armenia	1980	3.099.754	53.399	3.443	2.047.372
armenia	1975	2.832.759	61.538	17.281	1.801.955
armenia	1970	2.525.068	62.750	20.680	1.511.615
armenia	1965	2.211.319	67.440	14.067	1.229.971
armenia	1960	1.874.121	62.123	11.986	960.959
armenia	1955	1.563.507	41.999	9.973	718.453
azerbaijan	2020	10.139.177	91.459	1.200	5.695.930
azerbaijan	2019	10.047.718	98.181	1.200	5.611.295
azerbaijan	2018	9.949.537	104.217	1.200	5.525.646
azerbaijan	2017	9.845.320	109.277	1.200	5.438.926
azerbaijan	2016	9.736.043	113.298	1.200	5.351.044
azerbaijan	2015	9.622.745	118.057	1.700	5.262.140
azerbaijan	2010	9.032.461	98.771	10.716	4.823.834
azerbaijan	2005	8.538.605	83.173	7.305	4.473.283
azerbaijan	2000	8.122.741	69.463	-22.370	4.173.974
azerbaijan	1995	7.775.424	106.533	-23.023	4.059.242
azerbaijan	1990	7.242.761	115.263	-32.314	3.892.911
azerbaijan	1985	6.666.447	103.143	-20.314	3.566.399
azerbaijan	1980	6.150.733	95.320	-10.093	3.246.145
azerbaijan	1975	5.674.133	98.822	-10.093	2.944.711
azerbaijan	1970	5.180.023	117.483	-8.000	2.590.424
azerbaijan	1965	4.592.609	139.442	0	2.349.771
azerbaijan	1960	3.895.397	113.202	0	2.051.442
azerbaijan	1955	3.329.387	80.293	0	1.665.547
bahrain	2020	1.701.575	60.403	47.800	1.519.595
bahrain	2019	1.641.172	71.726	47.800	1.464.180
bahrain	2018	1.569.446	75.370	47.800	1.399.126
bahrain	2017	1.494.076	68.284	47.800	1.331.175
bahrain	2016	1.425.792	53.941	47.800	1.269.684
bahrain	2015	1.371.851	26.198	8.400	1.220.943
bahrain	2010	1.240.860	70.339	54.400	1.099.822
bahrain	2005	889.164	44.911	31.100	786.221
bahrain	2000	664.611	20.183	7.836	587.336
bahrain	1995	563.697	13.553	1.096	498.245
bahrain	1990	495.931	15.301	2.580	437.115
bahrain	1985	419.428	11.908	647	365.554
bahrain	1980	359.888	18.669	9.792	309.868
bahrain	1975	266.543	10.788	3.825	226.495
bahrain	1970	212.605	5.035	-1.607	178.111
bahrain	1965	187.431	5.001	-839	154.630
bahrain	1960	162.427	5.768	1.572	133.710
bahrain	1955	133.585	3.595	616	100.895
bangladesh	2020	164.689.383	1.643.222	-369.501	64.814.953
bangladesh	2019	163.046.161	1.669.453	-369.501	62.865.820
bangladesh	2018	161.376.708	1.691.284	-369.501	60.944.245
bangladesh	2017	159.685.424	1.708.271	-369.501	59.046.818
bangladesh	2016	157.977.153	1.720.877	-369.501	57.168.030
bangladesh	2015	156.256.276	1.736.169	-461.368	55.305.132
bangladesh	2010	147.575.430	1.707.985	-650.956	46.347.089
bangladesh	2005	139.035.505	2.275.530	-298.507	38.452.976
bangladesh	2000	127.657.854	2.497.585	-143.980	31.040.651
bangladesh	1995	115.169.930	2.399.595	-162.759	25.751.454
bangladesh	1990	103.171.956	2.481.555	-43.873	21.037.450
bangladesh	1985	90.764.183	2.224.938	-158.765	16.305.971
bangladesh	1980	79.639.491	1.914.638	-227.469	12.099.053
bangladesh	1975	70.066.301	1.166.764	-609.057	7.013.461
bangladesh	1970	64.232.482	1.769.474	-32.364	4.938.975
bangladesh	1965	55.385.112	1.474.322	-28.476	3.467.675
bangladesh	1960	48.013.504	1.185.441	297	2.474.987
bangladesh	1955	42.086.301	838.324	-11.019	1.974.441
bhutan	2020	771.608	8.516	320	353.445
bhutan	2019	763.092	8.704	320	343.810
bhutan	2018	754.388	8.825	320	334.138
bhutan	2017	745.563	8.855	320	324.393
bhutan	2016	736.708	8.832	320	314.540
bhutan	2015	727.876	8.475	60	304.542
bhutan	2010	685.503	7.353	-2.194	253.171
bhutan	2005	648.739	11.544	1.234	203.329
bhutan	2000	591.021	11.280	29	145.753
bhutan	1995	534.620	763	-11.713	105.741
bhutan	1990	530.804	13.308	319	88.052
bhutan	1985	464.266	11.478	159	60.459
bhutan	1980	406.875	11.696	2.003	41.458
bhutan	1975	348.396	10.216	2.000	27.566
bhutan	1970	297.316	8.664	2.000	18.165
bhutan	1965	253.994	6.141	1.000	11.927
bhutan	1960	223.288	5.166	1.000	8.029
bhutan	1955	197.457	4.132	1.000	5.431
brunei	2020	437.479	4.194	0	347.838
brunei	2019	433.285	4.322	0	342.428
brunei	2018	428.963	4.490	0	336.970
brunei	2017	424.473	4.673	0	331.434
brunei	2016	419.800	4.893	0	325.818
brunei	2015	414.907	5.252	-180	320.102
brunei	2010	388.646	4.706	-451	291.344
brunei	2005	365.114	6.390	84	267.160
brunei	2000	333.165	7.210	838	237.146
brunei	1995	297.114	7.679	954	204.005
brunei	1990	258.721	6.854	737	171.931
brunei	1985	224.449	6.114	724	147.498
brunei	1980	193.879	6.451	1.659	125.968
brunei	1975	161.626	6.419	2.177	103.782
brunei	1970	129.529	5.429	2.169	79.920
brunei	1965	102.386	4.137	1.284	53.901
brunei	1960	81.702	3.669	1.402	35.478
brunei	1955	63.356	3.071	1.340	21.948
cac-tieu-vuong-quoc-a-rap-thong-nhat	2020	9.890.402	119.873	40.000	8.542.144
cac-tieu-vuong-quoc-a-rap-thong-nhat	2019	9.770.529	139.570	40.000	8.402.990
cac-tieu-vuong-quoc-a-rap-thong-nhat	2018	9.630.959	143.756	40.000	8.255.643
cac-tieu-vuong-quoc-a-rap-thong-nhat	2017	9.487.203	126.223	40.000	8.107.436
cac-tieu-vuong-quoc-a-rap-thong-nhat	2016	9.360.980	98.080	40.000	7.968.651
cac-tieu-vuong-quoc-a-rap-thong-nhat	2015	9.262.900	142.582	54.000	7.842.883
cac-tieu-vuong-quoc-a-rap-thong-nhat	2010	8.549.988	792.353	718.487	6.954.593
cac-tieu-vuong-quoc-a-rap-thong-nhat	2005	4.588.225	290.833	237.923	3.767.260
cac-tieu-vuong-quoc-a-rap-thong-nhat	2000	3.134.062	143.794	99.679	2.531.398
cac-tieu-vuong-quoc-a-rap-thong-nhat	1995	2.415.090	117.332	73.625	1.917.885
cac-tieu-vuong-quoc-a-rap-thong-nhat	1990	1.828.432	92.454	51.328	1.470.491
cac-tieu-vuong-quoc-a-rap-thong-nhat	1985	1.366.164	69.331	36.832	1.110.111
cac-tieu-vuong-quoc-a-rap-thong-nhat	1980	1.019.509	94.242	74.486	841.303
cac-tieu-vuong-quoc-a-rap-thong-nhat	1975	548.301	62.757	52.098	442.351
cac-tieu-vuong-quoc-a-rap-thong-nhat	1970	234.514	16.931	10.765	187.928
cac-tieu-vuong-quoc-a-rap-thong-nhat	1965	149.857	11.488	7.576	116.866
cac-tieu-vuong-quoc-a-rap-thong-nhat	1960	92.418	2.568	-35	68.086
cac-tieu-vuong-quoc-a-rap-thong-nhat	1955	79.578	1.998	-28	51.385
campuchia	2020	16.718.965	232.423	-30.000	4.050.459
campuchia	2019	16.486.542	236.750	-30.000	3.923.699
campuchia	2018	16.249.792	240.383	-30.000	3.799.521
campuchia	2017	16.009.409	243.117	-30.000	3.678.035
campuchia	2016	15.766.292	244.856	-30.000	3.559.463
campuchia	2015	15.521.436	241.845	-30.000	3.443.036
campuchia	2010	14.312.212	207.772	-59.197	2.903.806
campuchia	2005	13.273.354	223.623	-7.031	2.544.414
campuchia	2000	12.155.239	299.820	69.699	2.258.686
campuchia	1995	10.656.138	336.108	81.883	1.844.262
campuchia	1990	8.975.597	252.143	-15.604	1.395.017
campuchia	1985	7.714.880	204.223	-17.771	1.074.486
campuchia	1980	6.693.764	-166.137	-17.000	662.376
campuchia	1975	7.524.447	105.574	-25.000	336.810
campuchia	1970	6.996.576	105.876	-49.684	1.117.077
campuchia	1965	6.467.197	148.965	0	700.389
campuchia	1960	5.722.370	135.416	0	588.531
campuchia	1955	5.045.288	122.515	0	516.753
cong-hoa-sip	2020	1.207.359	8.784	5.000	806.754
cong-hoa-sip	2019	1.198.575	9.310	5.000	800.615
cong-hoa-sip	2018	1.189.265	9.587	5.000	794.433
cong-hoa-sip	2017	1.179.678	9.491	5.000	788.359
cong-hoa-sip	2016	1.170.187	9.202	5.000	782.589
cong-hoa-sip	2015	1.160.985	9.675	4.502	777.234
cong-hoa-sip	2010	1.112.612	16.990	11.732	751.576
cong-hoa-sip	2005	1.027.662	16.874	11.506	701.562
cong-hoa-sip	2000	943.290	17.581	10.652	647.550
cong-hoa-sip	1995	855.383	17.754	8.639	581.986
cong-hoa-sip	1990	766.615	12.586	3.433	511.911
cong-hoa-sip	1985	703.685	3.656	-5.527	455.131
cong-hoa-sip	1980	685.405	7.131	-243	401.746
cong-hoa-sip	1975	649.751	7.227	611	307.187
cong-hoa-sip	1970	613.618	6.530	-1.569	250.120
cong-hoa-sip	1965	580.966	1.607	-8.605	221.858
cong-hoa-sip	1960	572.930	8.592	-1.330	204.124
cong-hoa-sip	1955	529.972	7.191	-2.760	171.363
dai-loan	2020	23.816.775	42.899	30.001	18.802.314
dai-loan	2019	23.773.876	47.416	30.001	18.662.774
dai-loan	2018	23.726.460	51.914	30.001	18.518.291
dai-loan	2017	23.674.546	56.346	30.001	18.369.720
dai-loan	2016	23.618.200	60.723	30.001	18.218.159
dai-loan	2015	23.557.477	73.985	34.000	18.064.348
dai-loan	2010	23.187.551	96.368	50.000	17.254.388
dai-loan	2005	22.705.713	147.837	41.000	16.339.969
dai-loan	2000	21.966.527	122.099	-50.000	15.258.841
dai-loan	1995	21.356.033	175.503	-30.000	14.516.273
dai-loan	1990	20.478.520	235.023	16.000	13.457.894
dai-loan	1985	19.303.404	279.589	-12.200	11.043.738
dai-loan	1980	17.905.458	288.106	-42.000	8.631.549
dai-loan	1975	16.464.927	308.094	-5.000	6.458.027
dai-loan	1970	14.924.455	404.660	70.298	5.360.607
dai-loan	1965	12.901.155	405.001	50.176	4.282.804
dai-loan	1960	10.876.150	337.236	1.000	3.361.618
dai-loan	1955	9.189.972	317.522	19.000	2.623.092
dong-timo	2020	1.318.445	25.326	-5.385	432.649
dong-timo	2019	1.293.119	25.145	-5.385	418.517
dong-timo	2018	1.267.974	24.716	-5.385	404.880
dong-timo	2017	1.243.258	23.970	-5.385	391.642
dong-timo	2016	1.219.288	22.986	-5.385	378.697
dong-timo	2015	1.196.302	20.556	-5.606	365.966
dong-timo	2010	1.093.523	19.678	-7.615	307.717
dong-timo	2005	995.135	22.154	-5.574	267.304
dong-timo	2000	884.366	8.006	-16.315	211.480
dong-timo	1995	844.334	21.304	0	196.370
dong-timo	1990	737.814	16.152	0	156.717
dong-timo	1985	657.053	11.430	0	123.808
dong-timo	1980	599.905	-5.864	-10.280	96.847
dong-timo	1975	629.227	11.532	0	97.038
dong-timo	1970	571.565	10.376	0	77.977
dong-timo	1965	519.686	9.031	0	62.237
dong-timo	1960	474.532	7.062	0	50.449
dong-timo	1955	439.223	4.893	0	46.096
georgia	2020	3.989.167	-7.598	-10.000	2.317.778
georgia	2019	3.996.765	-6.177	-10.000	2.305.017
georgia	2018	4.002.942	-5.774	-10.000	2.290.836
georgia	2017	4.008.716	-6.734	-10.000	2.278.042
georgia	2016	4.015.450	-8.733	-10.000	2.270.328
georgia	2015	4.024.183	-14.983	-19.068	2.270.087
georgia	2010	4.099.099	-22.214	-23.962	2.350.051
georgia	2005	4.210.168	-30.404	-29.667	2.405.012
georgia	2000	4.362.187	-122.815	-130.719	2.485.610
georgia	1995	4.976.260	-86.828	-118.371	2.702.829
georgia	1990	5.410.399	39.789	-8.732	2.977.765
georgia	1985	5.211.454	38.724	-9.565	2.824.275
georgia	1980	5.017.833	28.839	-19.089	2.634.184
georgia	1975	4.873.639	32.059	-14.685	2.453.577
georgia	1970	4.713.342	68.363	17.040	2.262.693
georgia	1965	4.371.527	72.761	19.257	1.990.518
georgia	1960	4.007.723	58.918	13.637	1.726.097
georgia	1955	3.713.133	37.225	8.976	1.487.723
han-quoc	2020	51.269.185	43.877	11.731	41.934.110
han-quoc	2019	51.225.308	53.602	11.731	41.805.375
han-quoc	2018	51.171.706	75.291	11.731	41.678.226
han-quoc	2017	51.096.415	112.958	11.731	41.552.264
han-quoc	2016	50.983.457	160.364	11.731	41.426.777
han-quoc	2015	50.823.093	255.491	80.237	41.301.851
han-quoc	2010	49.545.636	168.913	-31.309	40.601.614
han-quoc	2005	48.701.073	264.366	16.245	39.622.010
han-quoc	2000	47.379.241	417.344	31.886	37.729.427
han-quoc	1995	45.292.522	474.821	14.284	35.441.319
han-quoc	1990	42.918.419	422.803	34.116	31.696.103
han-quoc	1985	40.804.402	551.759	18.578	26.474.831
han-quoc	1980	38.045.607	533.389	-33.027	21.582.191
han-quoc	1975	35.378.661	636.596	-41.988	16.997.155
han-quoc	1970	32.195.681	660.025	-16.369	13.110.502
han-quoc	1965	28.895.558	713.209	-13.827	9.351.713
han-quoc	1960	25.329.515	762.989	62.079	7.022.058
han-quoc	1955	21.514.570	460.637	86.590	5.251.885
hong-kong	2020	7.496.981	60.827	29.308	N.A.
hong-kong	2019	7.436.154	64.424	29.308	N.A.
hong-kong	2018	7.371.730	65.408	29.308	N.A.
hong-kong	2017	7.306.322	62.780	29.308	N.A.
hong-kong	2016	7.243.542	57.546	29.308	N.A.
hong-kong	2015	7.185.996	43.933	14.978	N.A.
hong-kong	2010	6.966.331	39.351	17.949	N.A.
hong-kong	2005	6.769.574	32.649	12.959	N.A.
hong-kong	2000	6.606.327	104.420	75.137	N.A.
hong-kong	1995	6.084.227	71.258	31.297	N.A.
hong-kong	1990	5.727.938	88.183	44.252	N.A.
hong-kong	1985	5.287.022	83.656	32.121	4.959.721
hong-kong	1980	4.868.742	131.957	78.097	4.496.588
hong-kong	1975	4.208.955	72.006	14.794	3.799.487
hong-kong	1970	3.848.924	76.341	14.318	3.397.839
hong-kong	1965	3.467.220	84.234	-5.477	3.015.435
hong-kong	1960	3.046.050	114.678	32.793	2.611.539
hong-kong	1955	2.472.658	99.732	29.848	2.121.568
indonesia	2020	273.523.615	2.898.047	-98.955	154.188.546
indonesia	2019	270.625.568	2.955.025	-98.955	150.900.390
indonesia	2018	267.670.543	3.019.580	-98.955	147.603.006
indonesia	2017	264.650.963	3.094.582	-98.955	144.294.861
indonesia	2016	261.556.381	3.173.125	-98.955	140.972.925
indonesia	2015	258.383.256	3.309.808	-90.889	137.634.761
indonesia	2010	241.834.215	3.108.949	-266.737	121.052.980
indonesia	2005	226.289.470	2.955.129	-229.931	104.155.654
indonesia	2000	211.513.823	2.915.913	-13.534	88.851.487
indonesia	1995	196.934.260	3.104.172	-7.082	71.053.577
indonesia	1990	181.413.402	3.286.190	52.256	55.491.343
indonesia	1985	164.982.451	3.506.923	95.016	43.049.412
indonesia	1980	147.447.836	3.353.422	75.749	32.601.807
indonesia	1975	130.680.727	3.177.510	101.655	25.252.096
indonesia	1970	114.793.178	2.905.223	111.212	19.603.959
indonesia	1965	100.267.062	2.503.199	89.993	15.838.170
indonesia	1960	87.751.068	2.095.529	80.536	12.805.184
indonesia	1955	77.273.425	1.546.022	75.743	10.404.671
iran	2020	83.992.949	1.079.043	-55.000	63.420.504
iran	2019	82.913.906	1.113.718	-55.000	62.439.455
iran	2018	81.800.188	1.126.305	-55.000	61.425.055
iran	2017	80.673.883	1.109.894	-55.000	60.380.188
iran	2016	79.563.989	1.071.774	-55.000	59.308.845
iran	2015	78.492.215	945.939	-100.469	58.217.032
iran	2010	73.762.519	800.034	-115.380	52.664.138
iran	2005	69.762.347	827.788	-9.689	47.575.374
iran	2000	65.623.405	836.148	-43.670	42.352.090
iran	1995	61.442.664	1.015.289	-179.685	36.488.609
iran	1990	56.366.217	1.803.806	299.446	31.672.465
iran	1985	47.347.186	1.739.388	401.534	25.278.712
iran	1980	38.650.246	1.184.095	80.664	19.215.536
iran	1975	32.729.772	843.181	15.527	14.973.153
iran	1970	28.513.866	711.799	10.351	11.751.335
iran	1965	24.954.873	609.592	-1.568	9.250.486
iran	1960	21.906.914	522.557	-389	7.390.258
iran	1955	19.294.127	434.972	-218	5.895.032
iraq	2020	40.222.493	912.710	7.834	29.422.695
iraq	2019	39.309.783	876.183	7.834	28.562.530
iraq	2018	38.433.600	880.819	7.834	27.723.807
iraq	2017	37.552.781	942.149	7.834	26.898.682
iraq	2016	36.610.632	1.038.371	7.834	26.076.797
iraq	2015	35.572.261	1.166.057	260.721	25.252.255
iraq	2010	29.741.976	563.938	-220.423	21.258.071
iraq	2005	26.922.284	684.940	-53.264	18.572.494
iraq	2000	23.497.585	669.649	-3.572	16.141.452
iraq	1995	20.149.338	546.045	-30.805	13.899.288
iraq	1990	17.419.113	372.663	-129.533	12.176.901
iraq	1985	15.555.800	380.489	-39.988	10.711.364
iraq	1980	13.653.354	393.753	-9.558	8.945.864
iraq	1975	11.684.590	353.321	-1.717	7.171.852
iraq	1970	9.917.983	308.439	-1.375	5.569.369
iraq	1965	8.375.790	217.206	-372	4.242.440
iraq	1960	7.289.760	157.421	-220	3.127.214
iraq	1955	6.502.657	156.693	-110	2.447.031
israel	2020	8.655.535	136.158	10.000	8.067.603
israel	2019	8.519.377	137.861	10.000	7.940.232
israel	2018	8.381.516	137.668	10.000	7.811.919
israel	2017	8.243.848	134.863	10.000	7.683.807
israel	2016	8.108.985	130.495	10.000	7.557.487
israel	2015	7.978.490	126.409	3.899	7.433.814
israel	2010	7.346.446	163.393	54.727	6.818.961
israel	2005	6.529.479	116.706	20.587	6.042.911
israel	2000	5.945.950	134.917	49.067	5.484.711
israel	1995	5.271.367	164.603	90.311	4.846.533
israel	1990	4.448.353	82.657	13.084	4.066.603
israel	1985	4.035.068	66.830	521	3.667.485
israel	1980	3.700.919	80.797	12.509	3.317.141
israel	1975	3.296.935	96.637	33.176	2.891.082
israel	1970	2.813.749	64.686	14.488	2.399.237
israel	1965	2.490.317	85.967	41.899	2.041.746
israel	1960	2.060.480	73.720	33.713	1.606.028
israel	1955	1.691.878	86.781	47.374	1.220.460
jordan	2020	10.203.134	101.440	10.220	9.332.603
jordan	2019	10.101.694	136.376	10.220	9.183.930
jordan	2018	9.965.318	179.475	10.220	9.010.373
jordan	2017	9.785.843	231.557	10.220	8.804.565
jordan	2016	9.554.286	287.711	10.220	8.558.078
jordan	2015	9.266.575	401.007	211.352	8.266.802
jordan	2010	7.261.539	299.181	129.999	6.183.184
jordan	2005	5.765.635	128.628	-18.782	4.541.834
jordan	2000	5.122.493	106.730	-30.030	3.994.240
jordan	1995	4.588.843	204.591	82.494	3.576.333
jordan	1990	3.565.890	133.168	34.120	2.609.598
jordan	1985	2.900.049	104.411	16.331	1.940.204
jordan	1980	2.377.995	62.416	-16.152	1.425.339
jordan	1975	2.065.913	68.918	-5.941	1.189.265
jordan	1970	1.721.323	109.543	51.087	962.089
jordan	1965	1.173.606	48.101	7.143	636.252
jordan	1960	933.102	50.027	23.992	474.322
jordan	1955	682.968	40.329	24.619	295.260
kazakhstan	2020	18.776.707	225.280	-18.000	10.828.881
kazakhstan	2019	18.551.427	231.809	-18.000	10.698.322
kazakhstan	2018	18.319.618	239.599	-18.000	10.568.980
kazakhstan	2017	18.080.019	249.118	-18.000	10.437.728
kazakhstan	2016	17.830.901	258.885	-18.000	10.300.410
kazakhstan	2015	17.572.016	263.947	31.961	10.151.168
kazakhstan	2010	16.252.279	169.894	-7.039	9.319.106
kazakhstan	2005	15.402.807	96.018	8.906	8.775.200
kazakhstan	2000	14.922.719	-183.329	-252.302	8.446.937
kazakhstan	1995	15.839.363	-108.905	-287.879	8.966.986
kazakhstan	1990	16.383.887	143.658	-134.857	9.306.548
kazakhstan	1985	15.665.595	173.884	-86.654	8.843.705
kazakhstan	1980	14.796.174	149.190	-87.052	8.070.301
kazakhstan	1975	14.050.226	202.817	-25.620	7.427.349
kazakhstan	1970	13.036.139	238.844	34.669	6.585.970
kazakhstan	1965	11.841.920	381.471	138.824	5.602.843
kazakhstan	1960	9.934.563	400.408	197.156	4.418.028
kazakhstan	1955	7.932.521	245.906	102.236	3.231.136
kuwait	2020	4.270.571	63.488	39.520	N.A.
kuwait	2019	4.207.083	69.771	39.520	N.A.
kuwait	2018	4.137.312	81.213	39.520	N.A.
kuwait	2017	4.056.099	99.224	39.520	N.A.
kuwait	2016	3.956.875	121.284	39.520	N.A.
kuwait	2015	3.835.591	168.741	116.000	N.A.
kuwait	2010	2.991.884	144.337	95.900	N.A.
kuwait	2005	2.270.198	45.015	5.300	N.A.
kuwait	2000	2.045.123	87.844	48.400	2.030.234
kuwait	1995	1.605.901	-97.889	-131.000	1.579.978
kuwait	1990	2.095.344	72.014	23.954	2.057.080
kuwait	1985	1.735.274	73.319	23.068	1.702.525
kuwait	1980	1.368.677	69.391	28.220	1.300.693
kuwait	1975	1.021.720	55.454	19.167	916.132
kuwait	1970	744.450	54.483	29.320	639.688
kuwait	1965	472.037	40.602	27.400	375.402
kuwait	1960	269.029	17.428	10.550	201.926
kuwait	1955	181.888	5.758	770	126.132
kyrgyzstan	2020	6.524.195	108.345	-4.000	2.322.557
kyrgyzstan	2019	6.415.850	111.820	-4.000	2.275.452
kyrgyzstan	2018	6.304.030	114.297	-4.000	2.229.369
kyrgyzstan	2017	6.189.733	115.403	-4.000	2.184.417
kyrgyzstan	2016	6.074.330	115.209	-4.000	2.140.739
kyrgyzstan	2015	5.959.121	107.366	-18.671	2.098.492
kyrgyzstan	2010	5.422.293	69.389	-15.321	1.914.419
kyrgyzstan	2005	5.075.347	30.927	-34.582	1.791.108
kyrgyzstan	2000	4.920.712	70.923	-5.454	1.736.915
kyrgyzstan	1995	4.566.096	38.642	-55.250	1.659.749
kyrgyzstan	1990	4.372.885	75.963	-25.377	1.651.958
kyrgyzstan	1985	3.993.071	76.420	-10.832	1.532.417
kyrgyzstan	1980	3.610.970	63.978	-9.168	1.394.808
kyrgyzstan	1975	3.291.078	64.245	-2.413	1.256.740
kyrgyzstan	1970	2.969.851	80.080	20.837	1.112.679
kyrgyzstan	1965	2.569.452	79.872	20.621	921.183
kyrgyzstan	1960	2.170.094	53.206	5.641	741.749
kyrgyzstan	1955	1.904.062	32.812	3.505	582.387
lao	2020	7.275.560	106.105	-14.704	2.600.131
lao	2019	7.169.455	107.948	-14.704	2.518.056
lao	2018	7.061.507	108.472	-14.704	2.436.711
lao	2017	6.953.035	107.189	-14.704	2.356.986
lao	2016	6.845.846	104.682	-14.704	2.279.990
lao	2015	6.741.164	98.400	-22.463	2.206.330
lao	2010	6.249.165	99.498	-22.052	1.877.890
lao	2005	5.751.676	85.595	-29.620	1.564.297
lao	2000	5.323.700	95.443	-26.949	1.171.236
lao	1995	4.846.483	117.602	-12.113	843.190
lao	1990	4.258.472	114.115	28	657.373
lao	1985	3.687.898	85.951	-7.022	509.071
lao	1980	3.258.144	41.313	-39.751	403.247
lao	1975	3.051.577	72.630	9	338.147
lao	1970	2.688.428	61.167	6	258.749
lao	1965	2.382.594	52.339	15	198.298
lao	1960	2.120.898	46.009	9	168.533
lao	1955	1.890.854	41.588	-2	143.427
lebanon	2020	6.825.445	-30.268	-30.012	5.353.116
lebanon	2019	6.855.713	-3.695	-30.012	5.384.012
lebanon	2018	6.859.408	40.035	-30.012	5.398.411
lebanon	2017	6.819.373	105.092	-30.012	5.378.552
lebanon	2016	6.714.281	181.603	-30.012	5.301.864
lebanon	2015	6.532.678	315.923	238.471	5.155.483
lebanon	2010	4.953.061	50.860	-5.376	3.787.791
lebanon	2005	4.698.763	171.197	110.022	3.453.680
lebanon	2000	3.842.778	62.880	-5.886	2.782.415
lebanon	1995	3.528.380	145.067	78.000	2.572.911
lebanon	1990	2.803.044	30.210	-25.608	2.246.758
lebanon	1985	2.651.995	12.613	-42.876	2.125.807
lebanon	1980	2.588.929	2.636	-57.040	1.919.361
lebanon	1975	2.575.749	55.663	-2.000	1.725.141
lebanon	1970	2.297.434	41.012	-14.000	1.366.375
lebanon	1965	2.092.375	57.487	4.000	1.065.741
lebanon	1960	1.804.941	54.565	8.000	764.253
lebanon	1955	1.532.115	39.499	323	556.202
ma-cao	2020	649.335	8.890	5.000	N.A.
ma-cao	2019	640.445	8.809	5.000	N.A.
ma-cao	2018	631.636	9.051	5.000	N.A.
ma-cao	2017	622.585	9.749	5.000	622.567
ma-cao	2016	612.836	10.751	5.000	612.167
ma-cao	2015	602.085	12.773	8.470	600.942
ma-cao	2010	538.219	11.072	8.476	536.969
ma-cao	2005	482.858	11.015	9.257	482.559
ma-cao	2000	427.782	8.454	5.573	N.A.
ma-cao	1995	385.513	8.341	4.369	385.339
ma-cao	1990	343.808	12.061	6.693	343.119
ma-cao	1985	283.503	9.086	5.029	281.813
ma-cao	1980	238.071	-711	-2.007	234.592
ma-cao	1975	241.628	-913	-2.194	236.533
ma-cao	1970	246.194	8.593	6.720	238.887
ma-cao	1965	203.228	7.087	3.812	195.462
ma-cao	1960	167.791	-4.334	-8.756	159.892
ma-cao	1955	189.460	-1.404	-6.475	182.204
malaysia	2020	32.365.999	416.222	50.000	25.361.963
malaysia	2019	31.949.777	421.744	50.000	24.862.312
malaysia	2018	31.528.033	423.387	50.000	24.363.730
malaysia	2017	31.104.646	419.992	50.000	23.859.450
malaysia	2016	30.684.654	413.692	50.000	23.340.549
malaysia	2015	30.270.962	412.585	50.000	22.800.563
malaysia	2010	28.208.035	503.485	152.376	19.934.949
malaysia	2005	25.690.611	499.271	134.295	17.087.554
malaysia	2000	23.194.257	541.330	103.338	14.369.654
malaysia	1995	20.487.607	491.557	58.471	11.413.601
malaysia	1990	18.029.824	486.179	85.091	8.981.973
malaysia	1985	15.598.927	360.168	-15.457	7.158.888
malaysia	1980	13.798.085	327.180	-1.089	5.801.245
malaysia	1975	12.162.187	271.611	-27.061	4.579.380
malaysia	1970	10.804.131	255.515	-27.856	3.614.368
malaysia	1965	9.526.558	274.042	-11.720	2.849.667
malaysia	1960	8.156.347	223.487	-12.568	2.169.592
malaysia	1955	7.038.913	185.800	-3.436	1.648.504
maldives	2020	540.544	9.591	11.370	186.634
maldives	2019	530.953	15.257	11.370	181.769
maldives	2018	515.696	19.294	11.370	176.851
maldives	2017	496.402	20.890	11.370	171.827
maldives	2016	475.512	20.597	11.370	166.627
maldives	2015	454.915	17.836	11.672	161.207
maldives	2010	365.734	9.225	3.599	132.805
maldives	2005	319.608	8.042	3.478	107.606
maldives	2000	279.398	5.052	-220	77.683
maldives	1995	254.139	6.196	-614	65.143
maldives	1990	223.158	6.724	-521	57.679
maldives	1985	189.537	6.253	0	48.340
maldives	1980	158.272	4.371	0	35.241
maldives	1975	136.417	4.145	483	23.623
maldives	1970	115.691	2.595	-581	13.768
maldives	1965	102.718	2.571	-116	11.775
maldives	1960	89.863	2.032	-23	10.043
maldives	1955	79.703	1.198	-4	8.680
mong-co	2020	3.278.290	53.123	-852	2.203.469
mong-co	2019	3.225.167	54.951	-852	2.170.247
mong-co	2018	3.170.216	56.430	-852	2.136.710
mong-co	2017	3.113.786	57.422	-852	2.102.610
mong-co	2016	3.056.364	57.925	-852	2.067.613
mong-co	2015	2.998.439	55.709	-852	2.031.123
mong-co	2010	2.719.896	38.694	-2.200	1.832.856
mong-co	2005	2.526.424	25.801	-3.000	1.578.882
mong-co	2000	2.397.418	19.880	-10.493	1.369.725
mong-co	1995	2.298.020	22.775	-17.686	1.305.410
mong-co	1990	2.184.145	52.453	0	1.245.674
mong-co	1985	1.921.881	46.452	0	1.057.810
mong-co	1980	1.689.622	41.994	0	880.007
mong-co	1975	1.479.651	40.165	0	719.938
mong-co	1970	1.278.825	34.340	0	576.139
mong-co	1965	1.107.124	30.324	0	466.259
mong-co	1960	955.505	20.080	0	340.919
mong-co	1955	855.103	14.981	0	227.618
myanmar	2020	54.409.800	364.380	-163.313	17.068.066
myanmar	2019	54.045.420	337.100	-163.313	16.763.626
myanmar	2018	53.708.320	325.797	-163.313	16.468.361
myanmar	2017	53.382.523	337.322	-163.313	16.183.083
myanmar	2016	53.045.201	364.475	-163.313	15.908.841
myanmar	2015	52.680.726	415.982	-105.642	15.646.537
myanmar	2010	50.600.818	330.179	-267.386	14.487.449
myanmar	2005	48.949.924	446.045	-241.618	13.548.744
myanmar	2000	46.719.701	563.621	-107.600	12.457.527
myanmar	1995	43.901.598	513.280	-142.741	11.295.542
myanmar	1990	41.335.199	671.623	-40.000	10.255.233
myanmar	1985	37.977.086	750.555	-10.931	9.075.330
myanmar	1980	34.224.313	722.644	0	7.999.556
myanmar	1975	30.611.095	668.405	0	7.110.236
myanmar	1970	27.269.069	601.942	0	6.022.901
myanmar	1965	24.259.359	504.483	0	4.905.378
myanmar	1960	21.736.942	437.374	0	4.034.840
myanmar	1955	19.550.071	354.089	0	3.323.690
nepal	2020	29.136.808	528.098	41.710	6.226.233
nepal	2019	28.608.710	512.996	41.710	6.034.147
nepal	2018	28.095.714	463.033	41.710	5.847.671
nepal	2017	27.632.681	369.248	41.710	5.666.428
nepal	2016	27.263.433	248.402	41.710	5.489.899
nepal	2015	27.015.031	364	-408.048	5.317.799
nepal	2010	27.013.212	253.742	-194.316	4.531.339
nepal	2005	25.744.500	360.678	-154.505	3.884.136
nepal	2000	23.941.110	473.008	-92.941	3.180.501
nepal	1995	21.576.071	534.119	15.213	2.328.505
nepal	1990	18.905.478	409.434	-43.281	1.660.139
nepal	1985	16.858.310	368.382	-20.229	1.235.180
nepal	1980	15.016.402	319.207	-8.200	907.698
nepal	1975	13.420.369	269.149	-1.160	643.695
nepal	1970	12.074.626	220.343	-4.215	474.634
nepal	1965	10.972.912	173.572	-14.000	407.893
nepal	1960	10.105.050	157.627	-16.046	350.230
nepal	1955	9.316.916	166.718	-8.112	283.756
nhat-ban	2020	126.476.461	-383.840	71.560	116.099.672
nhat-ban	2019	126.860.301	-341.891	71.560	116.322.813
nhat-ban	2018	127.202.192	-300.533	71.560	116.521.525
nhat-ban	2017	127.502.725	-260.540	71.560	116.693.276
nhat-ban	2016	127.763.265	-221.868	71.560	116.835.097
nhat-ban	2015	127.985.133	-111.444	71.627	116.944.428
nhat-ban	2010	128.542.353	43.247	55.516	116.741.034
nhat-ban	2005	128.326.116	160.388	32.840	110.340.709
nhat-ban	2000	127.524.174	231.738	-20.067	100.303.716
nhat-ban	1995	126.365.484	372.049	9.257	98.593.178
nhat-ban	1990	124.505.240	524.352	-59.668	96.298.507
nhat-ban	1985	121.883.482	813.308	10.000	93.507.944
nhat-ban	1980	117.816.940	1.080.716	41.001	89.755.553
nhat-ban	1975	112.413.359	1.496.822	142.987	85.121.987
nhat-ban	1970	104.929.251	1.296.450	164.541	75.417.163
nhat-ban	1965	98.447.002	954.677	-30.270	66.812.422
nhat-ban	1960	93.673.615	931.072	-20.000	59.269.408
nhat-ban	1955	89.018.257	1.243.235	0	52.005.319
oman	2020	5.106.626	131.640	87.400	4.442.970
oman	2019	4.974.986	145.513	87.400	4.273.762
oman	2018	4.829.473	163.545	87.400	4.083.206
oman	2017	4.665.928	186.709	87.400	3.874.042
oman	2016	4.479.219	211.871	87.400	3.650.429
oman	2015	4.267.348	245.183	177.156	3.416.565
oman	2010	3.041.434	106.037	53.400	2.285.997
oman	2005	2.511.251	48.656	3.000	1.818.164
oman	2000	2.267.973	12.739	-38.674	1.623.172
oman	1995	2.204.277	78.423	20.940	1.579.777
oman	1990	1.812.161	62.749	2.234	1.197.883
oman	1985	1.498.418	68.808	16.300	855.282
oman	1980	1.154.377	54.466	15.282	549.043
oman	1975	882.047	31.639	5.094	337.059
oman	1970	723.851	19.768	-1.000	214.732
oman	1965	625.009	14.654	-2.000	139.614
oman	1960	551.740	11.184	-2.000	90.485
oman	1955	495.818	7.880	-2.000	59.302
pakistan	2020	220.892.340	4.327.022	-233.379	77.437.729
pakistan	2019	216.565.318	4.337.032	-233.379	75.510.639
pakistan	2018	212.228.286	4.322.077	-233.379	73.630.430
pakistan	2017	207.906.209	4.274.856	-233.379	71.795.700
pakistan	2016	203.631.353	4.204.389	-233.379	70.005.271
pakistan	2015	199.426.964	4.000.465	-215.833	68.226.783
pakistan	2010	179.424.641	3.824.127	-67.961	59.691.513
pakistan	2005	160.304.008	3.592.086	-130.036	52.301.807
pakistan	2000	142.343.578	3.713.348	94.182	45.687.389
pakistan	1995	123.776.839	3.225.784	-204.677	39.104.110
pakistan	1990	107.647.921	3.091.282	27.958	32.923.693
pakistan	1985	92.191.510	2.827.433	277.424	27.060.895
pakistan	1980	78.054.343	2.247.493	134.441	21.910.455
pakistan	1975	66.816.877	1.734.963	-27.621	17.592.808
pakistan	1970	58.142.060	1.444.817	-41.996	14.416.426
pakistan	1965	50.917.975	1.185.857	-18.654	11.954.323
pakistan	1960	44.988.690	900.132	-3.340	9.926.658
pakistan	1955	40.488.030	589.131	-1.651	7.968.418
palestine	2020	5.101.414	119.994	-10.563	4.083.476
palestine	2019	4.981.420	118.441	-10.563	3.964.760
palestine	2018	4.862.979	115.752	-10.563	3.848.420
palestine	2017	4.747.227	111.573	-10.563	3.734.536
palestine	2016	4.635.654	106.488	-10.563	3.623.138
palestine	2015	4.529.166	94.707	-31.413	3.514.324
palestine	2010	4.055.631	95.534	-20.734	3.015.515
palestine	2005	3.577.961	70.792	-38.000	2.612.793
palestine	2000	3.224.003	121.067	14.000	2.319.571
palestine	1995	2.618.668	103.444	7.001	1.838.048
palestine	1990	2.101.446	68.382	-7.869	1.422.479
palestine	1985	1.759.534	49.764	-12.291	1.144.681
palestine	1980	1.510.713	37.382	-16.739	941.551
palestine	1975	1.323.802	39.435	-6.451	787.567
palestine	1970	1.126.629	-12.950	-56.368	610.666
palestine	1965	1.191.379	24.412	-15.529	582.558
palestine	1960	1.069.320	16.313	-13.591	470.972
palestine	1955	987.755	11.165	-13.763	401.302
philippines	2020	109.581.078	1.464.463	-67.152	52.008.603
philippines	2019	108.116.615	1.465.221	-67.152	50.971.408
philippines	2018	106.651.394	1.478.469	-67.152	49.961.978
philippines	2017	105.172.925	1.509.109	-67.152	48.978.289
philippines	2016	103.663.816	1.550.604	-67.152	48.017.889
philippines	2015	102.113.212	1.629.286	-166.924	47.078.199
philippines	2010	93.966.780	1.528.106	-309.615	42.487.934
philippines	2005	86.326.250	1.666.899	-248.871	39.435.905
philippines	2000	77.991.755	1.641.533	-189.869	35.981.065
philippines	1995	69.784.088	1.577.786	-139.775	32.515.486
philippines	1990	61.895.160	1.523.868	-62.935	29.106.432
philippines	1985	54.275.822	1.383.616	-58.489	22.943.780
philippines	1980	47.357.743	1.214.400	-95.312	17.752.900
philippines	1975	41.285.742	1.096.430	-75.018	14.684.347
philippines	1970	35.803.594	978.721	-94.086	11.807.882
philippines	1965	30.909.988	928.051	-43.613	9.770.040
philippines	1960	26.269.734	818.535	-30.783	7.959.850
philippines	1955	22.177.058	719.314	-9.824	6.365.919
qatar	2020	2.881.053	48.986	40.000	2.770.452
qatar	2019	2.832.067	50.385	40.000	2.721.608
qatar	2018	2.781.682	56.954	40.000	2.671.546
qatar	2017	2.724.728	70.354	40.000	2.614.873
qatar	2016	2.654.374	88.664	40.000	2.544.480
qatar	2015	2.565.710	141.877	120.970	2.455.353
qatar	2010	1.856.327	198.182	182.920	1.752.996
qatar	2005	865.416	54.590	42.783	842.340
qatar	2000	592.468	15.805	5.901	570.417
qatar	1995	513.442	7.433	-2.026	487.771
qatar	1990	476.278	21.078	11.503	442.074
qatar	1985	370.890	29.452	20.419	334.343
qatar	1980	223.632	11.862	5.677	199.973
qatar	1975	164.320	10.961	6.874	146.177
qatar	1970	109.514	7.176	4.212	96.760
qatar	1965	73.633	5.250	3.279	64.100
qatar	1960	47.384	2.304	911	40.407
qatar	1955	35.866	2.173	1.137	29.779
singapore	2020	5.850.342	46.005	27.028	N.A.
singapore	2019	5.804.337	46.838	27.028	N.A.
singapore	2018	5.757.499	49.458	27.028	N.A.
singapore	2017	5.708.041	54.407	27.028	N.A.
singapore	2016	5.653.634	61.482	27.028	5.622.455
singapore	2015	5.592.152	92.196	63.406	5.535.262
singapore	2010	5.131.172	173.097	144.268	5.074.252
singapore	2005	4.265.687	47.363	18.554	N.A.
singapore	2000	4.028.871	100.580	64.316	3.913.960
singapore	1995	3.525.969	102.601	59.569	3.478.779
singapore	1990	3.012.966	61.486	23.960	3.012.953
singapore	1985	2.705.534	58.769	27.562	N.A.
singapore	1980	2.411.688	30.393	2.855	N.A.
singapore	1975	2.259.721	37.488	1.176	N.A.
singapore	1970	2.072.283	38.891	-73	N.A.
singapore	1965	1.877.826	48.939	86	1.877.808
singapore	1960	1.633.130	65.605	13.605	1.633.086
singapore	1955	1.305.105	56.602	13.112	1.305.091
sri-lanka	2020	21.413.249	89.516	-97.986	3.945.488
sri-lanka	2019	21.323.733	94.970	-97.986	3.906.383
sri-lanka	2018	21.228.763	100.731	-97.986	3.870.642
sri-lanka	2017	21.128.032	106.861	-97.986	3.838.068
sri-lanka	2016	21.021.171	113.144	-97.986	3.808.409
sri-lanka	2015	20.908.027	129.258	-96.954	3.781.471
sri-lanka	2010	20.261.737	143.350	-104.013	3.681.427
sri-lanka	2005	19.544.988	153.477	-89.896	3.573.620
sri-lanka	2000	18.777.601	106.938	-92.337	3.452.171
sri-lanka	1995	18.242.912	183.428	-51.156	3.367.985
sri-lanka	1990	17.325.773	229.899	-27.488	3.212.099
sri-lanka	1985	16.176.280	228.089	-79.739	3.011.554
sri-lanka	1980	15.035.834	256.138	-47.500	2.797.666
sri-lanka	1975	13.755.146	253.881	-29.000	2.489.237
sri-lanka	1970	12.485.740	274.984	-7.700	2.197.238
sri-lanka	1965	11.110.820	247.269	-9.500	1.901.067
sri-lanka	1960	9.874.476	219.208	-15.000	1.622.519
sri-lanka	1955	8.778.438	161.468	-3.300	1.373.606
syria	2020	17.500.658	430.523	-427.391	10.498.283
syria	2019	17.070.135	125.078	-427.391	10.141.352
syria	2018	16.945.057	-150.621	-427.391	9.903.237
syria	2017	17.095.678	-369.897	-427.391	9.774.379
syria	2016	17.465.575	-531.833	-427.391	9.737.763
syria	2015	17.997.408	-673.024	-1.077.397	9.773.578
syria	2010	21.362.529	600.271	74.000	11.686.472
syria	2005	18.361.176	390.066	-75.982	9.839.155
syria	2000	16.410.848	413.071	-26.000	8.524.885
syria	1995	14.345.492	379.864	-14.000	7.187.664
syria	1990	12.446.171	359.508	-29.300	6.090.038
syria	1985	10.648.632	343.572	-17.400	5.099.767
syria	1980	8.930.774	279.012	-32.334	4.171.360
syria	1975	7.535.714	237.035	-16.300	3.395.649
syria	1970	6.350.541	195.481	-3.200	2.752.618
syria	1965	5.373.137	159.925	-3.200	2.149.575
syria	1960	4.573.512	132.402	-3.000	1.683.354
syria	1955	3.911.501	99.634	-14.000	1.358.205
tajikistan	2020	9.537.645	216.627	-20.000	2.606.273
tajikistan	2019	9.321.018	220.183	-20.000	2.537.559
tajikistan	2018	9.100.835	220.567	-20.000	2.471.185
tajikistan	2017	8.880.268	216.689	-20.000	2.407.140
tajikistan	2016	8.663.579	209.551	-20.000	2.345.435
tajikistan	2015	8.454.028	185.327	-27.395	2.286.101
tajikistan	2010	7.527.394	147.615	-29.158	2.026.528
tajikistan	2005	6.789.321	114.596	-28.988	1.817.059
tajikistan	2000	6.216.341	90.306	-47.451	1.647.352
tajikistan	1995	5.764.810	96.199	-46.460	1.664.663
tajikistan	1990	5.283.814	149.198	-6.302	1.672.719
tajikistan	1985	4.537.822	126.475	2.483	1.508.149
tajikistan	1980	3.905.446	102.901	4.560	1.339.141
tajikistan	1975	3.390.941	92.167	5.607	1.205.007
tajikistan	1970	2.930.107	88.426	13.156	1.080.505
tajikistan	1965	2.487.976	80.185	10.667	874.558
tajikistan	1960	2.087.049	58.527	1.672	692.233
tajikistan	1955	1.794.416	52.583	11.672	560.602
thai-lan	2020	69.799.978	174.396	19.444	35.698.325
thai-lan	2019	69.625.582	197.129	19.444	35.132.892
thai-lan	2018	69.428.453	218.643	19.444	34.556.078
thai-lan	2017	69.209.810	238.502	19.444	33.966.456
thai-lan	2016	68.971.308	256.797	19.444	33.362.840
thai-lan	2015	68.714.511	303.897	33.463	32.745.680
thai-lan	2010	67.195.028	355.768	11.802	29.475.114
thai-lan	2005	65.416.189	492.709	74.749	24.476.532
thai-lan	2000	62.952.642	697.074	143.166	19.759.915
thai-lan	1995	59.467.274	581.818	-121.508	18.012.031
thai-lan	1990	56.558.186	906.257	100.881	16.648.721
thai-lan	1985	52.026.901	930.486	67.985	14.621.264
thai-lan	1980	47.374.472	1.009.632	57.445	12.695.065
thai-lan	1975	42.326.312	1.088.355	79.114	10.058.137
thai-lan	1970	36.884.536	1.012.375	0	7.704.931
thai-lan	1965	31.822.660	885.091	0	6.434.876
thai-lan	1960	27.397.207	737.215	0	5.389.651
thai-lan	1955	23.711.132	600.154	0	4.277.639
tho-nhi-ky	2020	84.339.067	909.452	283.922	63.803.445
tho-nhi-ky	2019	83.429.615	1.089.527	283.922	62.743.912
tho-nhi-ky	2018	82.340.088	1.223.638	283.922	61.554.688
tho-nhi-ky	2017	81.116.450	1.288.579	283.922	60.271.457
tho-nhi-ky	2016	79.827.871	1.298.462	283.922	58.945.516
tho-nhi-ky	2015	78.529.409	1.240.484	352.616	57.616.730
tho-nhi-ky	2010	72.326.988	884.704	-10.000	51.225.748
tho-nhi-ky	2005	67.903.469	932.655	-8.000	46.065.593
tho-nhi-ky	2000	63.240.194	950.748	-20.000	40.942.328
tho-nhi-ky	1995	58.486.456	912.939	-24.000	36.333.494
tho-nhi-ky	1990	53.921.760	957.565	-20.000	31.923.032
tho-nhi-ky	1985	49.133.937	1.031.593	-14.000	25.769.960
tho-nhi-ky	1980	43.975.971	939.743	-52.000	19.252.765
tho-nhi-ky	1975	39.277.258	880.191	-48.000	16.333.819
tho-nhi-ky	1970	34.876.303	780.662	-36.000	13.334.557
tho-nhi-ky	1965	30.972.994	700.130	-30.000	10.601.023
tho-nhi-ky	1960	27.472.345	640.349	-12.001	8.657.857
tho-nhi-ky	1955	24.270.600	572.440	-3.800	6.929.929
trieu-tien	2020	25.778.816	112.655	-5.403	16.119.904
trieu-tien	2019	25.666.161	116.557	-5.403	15.985.383
trieu-tien	2018	25.549.604	119.779	-5.403	15.852.816
trieu-tien	2017	25.429.825	122.160	-5.403	15.722.409
trieu-tien	2016	25.307.665	123.832	-5.403	15.594.374
trieu-tien	2015	25.183.833	126.999	-5.403	15.468.816
trieu-tien	2010	24.548.836	128.934	-4.936	14.847.551
trieu-tien	2005	23.904.167	195.018	-3.438	14.295.919
trieu-tien	2000	22.929.075	213.355	-2.786	13.622.723
trieu-tien	1995	21.862.299	313.849	0	12.902.762
trieu-tien	1990	20.293.054	283.163	0	11.847.860
trieu-tien	1985	18.877.238	281.020	0	10.881.506
trieu-tien	1980	17.472.140	239.480	0	9.941.648
trieu-tien	1975	16.274.740	372.868	0	9.227.778
trieu-tien	1970	14.410.400	372.575	0	7.810.437
trieu-tien	1965	12.547.525	224.670	0	5.657.767
trieu-tien	1960	11.424.176	267.437	0	4.591.910
trieu-tien	1955	10.086.991	-92.496	-113.683	3.577.106
trung-quoc	2020	1.439.323.776	5.540.090	-348.399	875.075.919
trung-quoc	2019	1.433.783.686	6.135.900	-348.399	856.409.297
trung-quoc	2018	1.427.647.786	6.625.995	-348.399	837.022.095
trung-quoc	2017	1.421.021.791	6.972.440	-348.399	816.957.613
trung-quoc	2016	1.414.049.351	7.201.481	-348.399	796.289.491
trung-quoc	2015	1.406.847.870	7.607.451	-310.442	775.352.918
trung-quoc	2010	1.368.810.615	7.606.847	-435.677	669.353.557
trung-quoc	2005	1.330.776.380	8.045.123	-393.116	561.983.323
trung-quoc	2000	1.290.550.765	9.926.046	-76.600	460.377.048
trung-quoc	1995	1.240.920.535	12.807.372	-155.996	383.901.711
trung-quoc	1990	1.176.883.674	20.258.863	-86.330	310.022.147
trung-quoc	1985	1.075.589.361	15.100.025	-40.000	244.946.241
trung-quoc	1980	1.000.089.235	14.769.670	-9.401	192.392.094
trung-quoc	1975	926.240.885	19.727.898	-221.096	160.244.444
trung-quoc	1970	827.601.394	20.676.485	-32.000	143.513.192
trung-quoc	1965	724.218.968	12.762.182	-225.145	130.684.595
trung-quoc	1960	660.408.056	9.633.300	-11.900	106.561.743
trung-quoc	1955	612.241.554	11.564.456	-51.205	84.639.825
turkmenistan	2020	6.031.200	89.111	-5.000	3.167.354
turkmenistan	2019	5.942.089	91.188	-5.000	3.092.968
turkmenistan	2018	5.850.901	93.234	-5.000	3.018.967
turkmenistan	2017	5.757.667	95.299	-5.000	2.945.446
turkmenistan	2016	5.662.368	97.081	-5.000	2.872.487
turkmenistan	2015	5.565.287	95.615	-10.000	2.800.294
turkmenistan	2010	5.087.213	66.513	-12.543	2.466.832
turkmenistan	2005	4.754.646	47.703	-25.177	2.237.159
turkmenistan	2000	4.516.133	61.658	-12.935	2.073.509
turkmenistan	1995	4.207.841	104.775	8.727	1.884.853
turkmenistan	1990	3.683.967	87.990	-7.940	1.660.542
turkmenistan	1985	3.244.018	73.442	-7.159	1.491.485
turkmenistan	1980	2.876.808	70.289	-1.014	1.354.342
turkmenistan	1975	2.525.364	66.038	5.069	1.200.996
turkmenistan	1970	2.195.175	60.515	5.629	1.048.846
turkmenistan	1965	1.892.599	57.868	5.357	892.144
turkmenistan	1960	1.603.258	47.725	6.004	744.101
turkmenistan	1955	1.364.635	30.728	1.745	623.450
uzbekistan	2020	33.469.203	487.487	-8.863	16.756.329
uzbekistan	2019	32.981.716	505.472	-8.863	16.545.875
uzbekistan	2018	32.476.244	516.459	-8.863	16.337.222
uzbekistan	2017	31.959.785	518.034	-8.863	16.130.957
uzbekistan	2016	31.441.751	512.194	-8.863	15.927.890
uzbekistan	2015	30.929.557	482.730	-13.294	15.720.465
uzbekistan	2010	28.515.909	417.624	-28.026	14.576.671
uzbekistan	2005	26.427.789	331.567	-48.459	12.868.248
uzbekistan	2000	24.769.955	395.786	-48.527	11.461.701
uzbekistan	1995	22.791.026	478.536	-64.555	9.998.260
uzbekistan	1990	20.398.348	467.413	-71.206	8.464.364
uzbekistan	1985	18.061.284	432.505	-37.034	7.374.012
uzbekistan	1980	15.898.757	408.256	14.416	6.500.596
uzbekistan	1975	13.857.478	355.432	14.133	5.430.156
uzbekistan	1970	12.080.317	392.689	89.235	4.446.089
uzbekistan	1965	10.116.870	318.114	32.325	3.579.634
uzbekistan	1960	8.526.300	249.793	19.804	2.904.959
uzbekistan	1955	7.277.333	202.655	34.444	2.305.364
viet-nam	2020	97.338.579	876.473	-80.000	36.727.248
viet-nam	2019	96.462.106	916.144	-80.000	35.686.730
viet-nam	2018	95.545.962	945.314	-80.000	34.658.961
viet-nam	2017	94.600.648	960.226	-80.000	33.642.498
viet-nam	2016	93.640.422	963.346	-80.000	32.635.787
viet-nam	2015	92.677.076	941.885	-80.000	31.635.369
viet-nam	2010	87.967.651	826.998	-159.994	26.910.696
viet-nam	2005	83.832.661	784.450	-130.200	23.000.555
viet-nam	2000	79.910.412	999.990	-43.200	19.568.590
viet-nam	1995	74.910.461	1.384.320	-78.847	16.668.571
viet-nam	1990	67.988.862	1.418.428	-66.465	13.817.423
viet-nam	1985	60.896.721	1.322.975	-65.513	11.942.117
viet-nam	1980	54.281.846	1.112.731	-171.779	10.464.982
viet-nam	1975	48.718.189	1.062.679	0	9.152.476
viet-nam	1970	43.404.793	1.109.168	0	7.943.534
viet-nam	1965	37.858.951	1.037.782	0	6.216.854
viet-nam	1960	32.670.039	904.519	0	4.802.582
viet-nam	1955	28.147.443	667.508	0	3.685.807
yemen	2020	29.825.964	664.042	-30.000	11.465.414
yemen	2019	29.161.922	663.239	-30.000	11.025.440
yemen	2018	28.498.683	663.864	-30.000	10.595.260
yemen	2017	27.834.819	666.611	-30.000	10.174.612
yemen	2016	27.168.208	670.319	-30.000	9.763.095
yemen	2015	26.497.889	668.607	-15.002	9.360.571
yemen	2010	23.154.855	609.489	-13.154	7.501.186
yemen	2005	20.107.409	539.667	-22.430	5.955.824
yemen	2000	17.409.072	499.151	-20.000	4.695.121
yemen	1995	14.913.315	640.664	121.556	3.640.249
yemen	1990	11.709.993	427.564	-10.000	2.523.689
yemen	1985	9.572.175	326.055	-10.000	1.809.366
yemen	1980	7.941.898	231.441	-15.000	1.342.619
yemen	1975	6.784.695	118.262	-72.199	1.013.953
yemen	1970	6.193.384	93.127	-49.132	823.777
yemen	1965	5.727.751	82.479	-20.000	622.252
yemen	1960	5.315.355	69.956	-15.000	470.664
yemen	1955	4.965.574	60.858	-10.000	347.047
